[
    {
        "id": 1,
        "name": "pantalon",
        "price": 5000,
        "image": "../imagenes/ropa1.jpg"
    },
    {
        "id": 2,
        "name": "pantalon",
        "price": 5000,
        "image": "../imagenes/ropa2.jpg"
    },
    {
        "id": 3,
        "name": "pantalon",
        "price": 5000,
        "image": "../imagenes/ropa3.jpg"
    },
    {
        "id": 4,
        "name": "pantalon",
        "price": 5000,
        "image": "../imagenes/ropa4.jpg"
    },
    {
        "id": 5,
        "name": "pantalon",
        "price": 5000,
        "image": "../imagenes/ropa5.jpg"
    },
    {
        "id": 6,
        "name": "pantalon",
        "price": 5000,
        "image": "../imagenes/ropa6.jpg"
    },
    {
        "id": 7,
        "name": "pantalon",
        "price": 5000,
        "image": "../imagenes/ropa7.jpg"
    },
    {
        "id": 8,
        "name": "pantalon",
        "price": 6000,
        "image": "/imagenes/ropa8.jpg"
    }

]