[
    {
        "id": 1,
        "name": "pantalon",
        "price": 5000,
        "image": "../imagenes/imagen1.jpg"
    },
    {
        "id": 2,
        "name": "pantalon",
        "price": 5000,
        "image": "../imagenes/imagen2.jpg"
    },
    {
        "id": 3,
        "name": "pantalon",
        "price": 5000,
        "image": "../imagenes/imagen3.jpg"
    },
    {
        "id": 4,
        "name": "pantalon",
        "price": 5000,
        "image": "../imagenes/imagen4.jpg"
    },
    {
        "id": 5,
        "name": "pantalon",
        "price": 5000,
        "image": "../imagenes/imagen5.jpg"
    },
    {
        "id": 6,
        "name": "pantalon",
        "price": 5000,
        "image": "../imagenes/imagen6.jpg"
    },
    {
        "id": 7,
        "name": "pantalon",
        "price": 5000,
        "image": "../imagenes/imagen7.jpg"
    },
    {
        "id": 8,
        "name": "pantalon",
        "price": 6000,
        "image": "../imagenes/imagen8.jpg"
    }

]